"Qty";"Value";"Device";"Package";"Parts";"Description";"FARNELL";"MF";"MPN";"OC_FARNELL";"OC_NEWARK";"PACKAGE";"SUPPLIER";
"3";"";"MA03-1";"MA03-1";"DISP, STRAIN, THR";"PIN HEADER";"";"";"";"unknown";"unknown";"";"";
"1";"";"MA05-1";"MA05-1";"X3-HALL";"PIN HEADER";"";"";"";"unknown";"unknown";"";"";
"2";"";"MA07-1";"MA07-1";"MMUP, PWM";"PIN HEADER";"";"";"";"unknown";"unknown";"";"";
"1";"";"PTCFUSE-1812";"1812";"F1";"PTC fuses, resettable thermistors";"";"";"";"";"";"";"";
"1";"";"SJ2W";"SJ_2";"VBUS";"SMD solder JUMPER";"";"";"";"";"";"";"";
"3";"100k";"R-EU_M0805";"M0805";"R1, R27, R34";"RESISTOR, European symbol";"";"";"";"";"";"";"";
"8";"100n";"C-EUC0805K";"C0805K";"C1, C2, C3, C8, C14, C15, C19, C20";"CAPACITOR, European symbol";"";"";"";"";"";"";"";
"1";"100n?";"C-EUC0805K";"C0805K";"C7";"CAPACITOR, European symbol";"";"";"";"";"";"";"";
"10";"10R";"R-EU_M0805";"M0805";"R3, R4, R5, R6, R7, R9, R11, R17, R19, R31";"RESISTOR, European symbol";"";"";"";"";"";"";"";
"2";"10k";"R-EU_M0805";"M0805";"R20, R23";"RESISTOR, European symbol";"";"";"";"";"";"";"";
"2";"10u/16V";"CPOL-EU153CLV-0405";"153CLV-0405";"C4, C11";"POLARIZED CAPACITOR, European symbol";"";"";"";"";"";"";"";
"1";"10u/50V";"CPOL-EU153CLV-0605";"153CLV-0605";"C6";"POLARIZED CAPACITOR, European symbol";"";"";"";"";"";"";"";
"1";"150u/250mA";"L-USWE-TPC";"POWER-CHOKE_WE-TPC";"L1";"INDUCTOR, American symbol";"";"";"";"";"";"";"";
"7";"1k";"R-EU_M0805";"M0805";"R10, R15, R16, R30, R35, R67, R68";"RESISTOR, European symbol";"";"";"";"";"";"";"";
"1";"1k";"R-EU_R0805";"R0805";"R45";"RESISTOR, European symbol";"";"";"";"";"";"";"";
"1";"1k?";"R-EU_M0805";"M0805";"R12";"RESISTOR, European symbol";"";"";"";"";"";"";"";
"1";"220k";"R-EU_M0805";"M0805";"R29";"RESISTOR, European symbol";"";"";"";"";"";"";"";
"2";"22p";"C-EUC0805K";"C0805K";"C9, C10";"CAPACITOR, European symbol";"";"";"";"";"";"";"";
"1";"2R2";"R-EU_R0805";"R0805";"R58";"RESISTOR, European symbol";"";"";"";"";"";"";"";
"1";"33u/25V";"CPOL-EU153CLV-0605";"153CLV-0605";"C5";"POLARIZED CAPACITOR, European symbol";"";"";"";"";"";"";"";
"3";"390k";"R-EU_M0805";"M0805";"R26, R28, R33";"RESISTOR, European symbol";"";"";"";"";"";"";"";
"1";"4.7u/16V";"C-EUC0805K";"C0805K";"C16";"CAPACITOR, European symbol";"";"";"";"";"";"";"";
"4";"470R";"R-EU_M0805";"M0805";"R2, R18, R21, R22";"RESISTOR, European symbol";"";"";"";"";"";"";"";
"2";"4k7";"R-EU_M0805";"M0805";"R8, R32";"RESISTOR, European symbol";"";"";"";"";"";"";"";
"2";"4k7?";"R-EU_M0805";"M0805";"R13, R14";"RESISTOR, European symbol";"";"";"";"";"";"";"";
"1";"ATXmega32A4U";"XMEGA16A4A";"TQFP44";"IC3";"MICROCONTROLLER";"";"";"";"unknown";"unknown";"";"";
"1";"BAT46WH";"DIODE-SMB";"SMB";"D1";"DIODE";"2069340";"";"";"";"";"";"";
"1";"BAT46WH";"DIODE-SOD323-W";"SOD323-W";"D5";"DIODE";"";"";"";"";"";"";"";
"2";"BC847";"BC847";"SOT23";"T1, T2";"NPN TRANSISTOR";"";"";"";"";"";"";"";
"1";"GREEN";"LEDCHIPLED_0805";"CHIPLED_0805";"LED1";"LED";"";"";"";"";"";"";"";
"1";"LD1117S33";"LM340ST-ST";"SOT223";"IC6";"Positive VOLTAGE REGULATOR";"";"";"";"";"";"";"";
"1";"LD1117S50";"LM340ST-ST";"SOT223";"IC4";"Positive VOLTAGE REGULATOR";"1467780";"";"";"";"";"";"";
"1";"LM5008MM";"LM5008MM";"SOP65P490X109-8N";"U1";"Step-Down Switching Regulator";"";"";"LM5008MM";"8181721";"38K3760";"SOP-8";"National Semiconductor";
"3";"MOUNT-PAD-ROUND3.2";"MOUNT-PAD-ROUND3.2";"3,2-PAD";"H1, H2, H3";"MOUNTING PAD, round";"";"";"";"";"";"";"";
"1";"PROG-ATMEL-PDI";"PROG-ATMEL-PDI";"6-LSTB2";"XP";"";"";"";"";"";"";"";"";
"3";"PTVS3V3S1UTR";"DIODE-SOD123";"SOD123";"D2, D3, D6";"DIODE";"2575110";"";"";"";"";"";"";
"1";"RED";"LEDCHIPLED_0805";"CHIPLED_0805";"LED2";"LED";"";"";"";"";"";"";"";
"1";"SM6T39A";"DIODE-SMB";"SMB";"D4";"DIODE";"9802703";"";"";"";"";"";"";
"1";"TSX-3225";"TSX-3225";"TSX-3225";"U$1";"";"";"";"";"";"";"";"";
