"Qty";"Value";"Device";"Package";"Parts";"Description";"FARNELL";"LCSC";"LSCS";"MPN";"OC_FARNELL";"OC_NEWARK";"PACKAGE";"POPULARITY";"SPICEPREFIX";"SUPPLIER";
"12";"";"2,54/0,8";"2,54/0,8";"BOW_BUS2, DISP_GND, DISP_PWR, LIGHT_BACK_+, LIGHT_BACK_-, LIGHT_FRONT_+, LIGHT_FRONT_-, MIDPOINT_V?, T1_+, T1_-, T2_+, T2_-";"THROUGH-HOLE PAD";"";"";"";"";"";"";"";"5";"";"";
"8";"";"3,81/2,1";"3,81/2,1";"BAT+, BAT-, BOW_BUS, CHG_+, CHG_-, CHG_TEMP, MOT_GND, MOT_PWR";"THROUGH-HOLE PAD";"";"";"";"";"";"";"";"14";"";"";
"1";"";"SJ2W";"SJ_2";"VBUS";"SMD solder JUMPER";"";"";"";"";"";"";"";"";"";"";
"5";"100k";"R-EU_R0805";"R0805";"R5, R9, R27, R32, R33";"RESISTOR, European symbol";"";"";"";"";"";"";"";"86";"R";"";
"10";"100n";"C-EUC0805";"C0805";"C2, C3, C10, C12, C13, C14, C17, C19, C20, C21";"CAPACITOR, European symbol";"";"";"";"";"";"";"";"88";"C";"";
"4";"100r";"R-EU_R0805";"R0805";"R17, R18, R30, R31";"RESISTOR, European symbol";"";"";"";"";"";"";"";"86";"R";"";
"10";"10k";"R-EU_R0805";"R0805";"R11, R12, R16, R19, R24, R25, R36, R37, R38, R41";"RESISTOR, European symbol";"";"";"";"";"";"";"";"86";"R";"";
"1";"10r";"R-EU_R0805";"R0805";"R3";"RESISTOR, European symbol";"";"";"";"";"";"";"";"86";"R";"";
"2";"10u/16V";"CPOL-EU153CLV-0405";"153CLV-0405";"C8, C11";"POLARIZED CAPACITOR, European symbol";"";"";"";"";"";"";"";"";"";"";
"1";"10u/50V";"CPOL-EU153CLV-0605";"153CLV-0605";"C6";"POLARIZED CAPACITOR, European symbol";"";"";"";"";"";"";"";"";"";"";
"1";"130k";"R-EU_R0805";"R0805";"R23";"RESISTOR, European symbol";"";"";"";"";"";"";"";"86";"R";"";
"1";"150u/250mA";"L-USWE-TPC";"POWER-CHOKE_WE-TPC";"L1";"INDUCTOR, American symbol";"";"";"";"";"";"";"";"";"";"";
"1";"16k5";"R-EU_R0805";"R0805";"R13";"RESISTOR, European symbol";"";"";"";"";"";"";"";"86";"R";"";
"1";"1A";"PTCFUSE-1812";"1812";"F1";"PTC fuses, resettable thermistors";"";"";"";"";"";"";"";"";"";"";
"7";"1k";"R-EU_R0805";"R0805";"R1, R6, R7, R20, R34, R35, R43";"RESISTOR, European symbol";"";"";"";"";"";"";"";"86";"R";"";
"1";"1u";"C-EUC0805";"C0805";"C9";"CAPACITOR, European symbol";"";"";"";"";"";"";"";"88";"C";"";
"1";"20k";"R-EU_R0805";"R0805";"R22";"RESISTOR, European symbol";"";"";"";"";"";"";"";"86";"R";"";
"1";"220k";"R-EU_R0805";"R0805";"R29";"RESISTOR, European symbol";"";"";"";"";"";"";"";"86";"R";"";
"3";"22p";"C-EUC0805";"C0805";"C4, C5, C22";"CAPACITOR, European symbol";"";"";"";"";"";"";"";"88";"C";"";
"3";"22u/16V";"C-EUC0805";"C0805";"C15, C16, C18";"CAPACITOR, European symbol";"";"";"";"";"";"";"";"88";"C";"";
"2";"2N7002";"2N7002";"SOT-23";"Q1, Q2";"";"";"";"";"";"";"";"";"";"";"";
"1";"2R2";"R-EU_R0805";"R0805";"R2";"RESISTOR, European symbol";"";"";"";"";"";"";"";"86";"R";"";
"2";"300mA";"PTCFUSE-1812";"1812";"F2, F3";"PTC fuses, resettable thermistors";"";"";"";"";"";"";"";"";"";"";
"1";"33u/25V";"CPOL-EU153CLV-0605";"153CLV-0605";"C7";"POLARIZED CAPACITOR, European symbol";"";"";"";"";"";"";"";"";"";"";
"3";"390k";"R-EU_R0805";"R0805";"R4, R26, R28";"RESISTOR, European symbol";"";"";"";"";"";"";"";"86";"R";"";
"1";"3k9";"R-EU_R0805";"R0805";"R40";"RESISTOR, European symbol";"";"";"";"";"";"";"";"86";"R";"";
"1";"4.7uH/700mA";"L_0805";"L0805";"L2";"";"";"";"";"";"";"";"";"";"";"";
"2";"4k7";"R-EU_R0805";"R0805";"R8, R10";"RESISTOR, European symbol";"";"";"";"";"";"";"";"86";"R";"";
"1";"4u7";"C-EUC0805";"C0805";"C1";"CAPACITOR, European symbol";"";"";"";"";"";"";"";"88";"C";"";
"1";"5m 4W";"SHUNT_2728";"R2728";"R15";"";"";"";"";"";"";"";"";"";"";"";
"1";"600k";"R-EU_R0805";"R0805";"R14";"RESISTOR, European symbol";"";"";"";"";"";"";"";"86";"R";"";
"1";"90325-0008";"90325-0008";"MOLEX_90325-0008";"U6";"HEADER";"";"";"";"90325-0008";"673237";"46WX960";"HEADER, 1.27MM, 8 WAY";"";"";"Molex";
"1";"AFROBOTICLOGOAFROBOTICLOGO_SMALL";"AFROBOTICLOGOAFROBOTICLOGO_SMALL";"AFROBOTICLOGOSMALL";"U$4";"";"";"";"";"";"";"";"";"";"";"";
"1";"ATXMEGA32A4U-AU";"ATXMEGA32A4U-AU";"TQFP-44A-44";"U1";"8/16-bit XMEGA A4U Microcontroller";"";"";"";"";"";"";"";"";"";"";
"1";"AVR-PDIVERT";"AVR-PDIVERT";"AVR-ISP-6";"U$1";"AVR PDI programming interface connector";"";"";"";"";"";"";"";"";"";"";
"3";"BAT46WH";"DIODE-SMB";"SMB";"D1, D2, D3";"DIODE";"2069340";"";"";"";"";"";"";"";"";"";
"1";"BAT46WH";"DIODE-SOD323-W";"SOD323-W";"D5";"DIODE";"";"";"";"";"";"";"";"";"";"";
"2";"BC847";"BC847";"SOT23";"T1, T2";"NPN TRANSISTOR";"";"";"";"";"";"";"";"";"";"";
"1";"BQ34Z100";"BQ34Z100";"PW_R-PDSO-G14";"U3";"";"";"";"";"";"";"";"";"";"";"";
"1";"DNP";"C-EUC0805";"C0805";"C23";"CAPACITOR, European symbol";"";"";"";"";"";"";"";"88";"C";"";
"1";"Green";"LEDCHIPLED_0805";"CHIPLED_0805";"LED2";"LED";"";"";"";"";"";"";"";"52";"";"";
"1";"JUMPER-SMT_2_NO_SILK";"JUMPER-SMT_2_NO_SILK";"SMT-JUMPER_2_NO_SILK";"JP1";"Normally open jumper";"";"";"";"";"";"";"";"";"";"";
"1";"JW5033S";"JW5033S";"SOT23-6";"U4";"";"";"C324577";"";"";"";"";"";"";"";"";
"1";"LD1117S33";"LM340ST-ST";"SOT223";"IC6";"Positive VOLTAGE REGULATOR";"";"";"";"";"";"";"";"";"";"";
"1";"LD1117S50";"LM340ST-ST";"SOT223";"IC4";"Positive VOLTAGE REGULATOR";"1467780";"";"";"";"";"";"";"";"";"";
"1";"LM5008MM";"LM5008MM";"SOP65P490X109-8N";"U2";"Step-Down Switching Regulator";"";"";"";"LM5008MM";"8181721";"38K3760";"SOP-8";"";"";"National Semiconductor";
"1";"NTC_0805";"NTC_0805";"R0805";"RT1";"";"";"";"";"";"";"";"";"";"";"";
"1";"PCF8563";"PCF8563";"SO08";"U5";"";"";"C7440";"";"";"";"";"";"";"";"";
"1";"Q13FC1350000400";"Q13FC1350000400";"CRYSTAL_3215";"Q3";"";"";"C32346";"";"";"";"";"";"";"";"";
"1";"Red";"LEDCHIPLED_0805";"CHIPLED_0805";"LED1";"LED";"";"";"";"";"";"";"";"52";"";"";
"2";"SLA-12VDC-SL-A";"SLA-12VDC-SL-A";"SLA-12VDC-SL-A";"K1, K2";"";"";"";"C55194";"";"";"";"";"";"";"";
"1";"SM6T39A";"DIODE-SMB";"SMB";"D4";"DIODE";"9802703";"";"";"";"";"";"";"";"";"";
"1";"TSX-3225";"TSX-3225";"TSX-3225";"U$2";"";"";"";"";"";"";"";"";"";"";"";
